QuestFlag,Server,Verified Conquest,Verified Levistras,Quest,Url,Info,Hint,Repeatable
aaccacidaxepickup,Levistras,,Verified,Picked up an Acid Axe from Suntik,,,,
aaccacidaxeturnin,Levistras,,Verified,Turned in an Acid Axe to Omaro Nagate,,,,
aaccacidgreataxepickup,Levistras,,Verified,Picked up an Acid Greataxe from Suntik,,,,
aaccacidgreataxeturnin,Levistras,,Verified,Turned in an Acid Greataxe to Omaro Nagate,,,,
aaccacidspikedclubpickup,Levistras,,Verified,Picked up an Acid Spiked Club from Suntik,,,,
aaccacidspikedclubturnin,Levistras,,Verified,Turned in an Acid Spiked Club to Omaro Nagate,,,,
aaccacidtofunpickup,Levistras,,Verified,Picked up an Acid Tofun from Suntik,,,,
aaccacidtofunturnin,Levistras,,Verified,Turned in an Acid Tofun to Omaro Nagate,,,,
aaccancientarbalestpickup,Levistras,,Verified,Picked up the ancient Empyrean arbalest from the Mayoi Sewers,,,,
aaccancientbreastplatepickup,Levistras,,Verified,Picked up the ancient Empyrean breastplate from the Mayoi Sewers,,,,
aaccancientgauntletspickup,Levistras,,Verified,Picked up the ancient Empyrean breastplate from the Mayoi Sewers,,,,
aaccancientgirthpickup,Levistras,,Verified,Picked up the ancient Empyrean gauntlets from the Mayoi Sewers,,,,
aaccancientheaumepickup,Levistras,,Verified,Picked up the ancient Empyrean heaume from the Mayoi Sewers,,,,
aaccancientsleevespickup,Levistras,,Verified,Picked up the ancient Empyrean sleeves from the Mayoi Sewers,,,,
aaccancientsolleretspickup,Levistras,,Verified,Picked up the ancient Empyrean sollerets from the Mayoi Sewers,,,,
aaccbaronnuvilluskeypickup,Levistras,,Verified,Picked up Baron Nuvillus' key,,,,
aaccbaronslightningswordquest,Levistras,,Verified,Picked up the Baron's Lightning Long Sword,,,,
aaccbatteredleatherjournalpickup,Levistras,,Verified,Picked up Martine's battered leather journal from the Banderling Conquest Dungeon,,,,
aaccbranithsamuletpickup,Levistras,,Verified,Picked up Branith's amulet,,,,
aaccbranithsamuletturnin,Levistras,,Verified,Turned in Branith's amulet,,,,
aaccbranithsbracerspickup,Levistras,,Verified,Picked up Branith's bracers,,,,
aaccbranithsbracersturnin,Levistras,,Verified,Turned in Branith's bracers,,,,
aaccbranithsglovespickup,Levistras,,Verified,Picked up Branith's gloves,,,,
aaccbranithsglovesturnin,Levistras,,Verified,Turned in Branith's gloves,,,,
aaccbranithshoodpickup,Levistras,,Verified,Picked up Branith's hood,,,,
aaccbranithshoodturnin,Levistras,,Verified,Turned in Branith's hood,,,,
aaccbranithsleggingspickup,Levistras,,Verified,Picked up Branith's leggings,,,,
aaccbranithsleggingsturnin,Levistras,,Verified,Turned in Branith's leggings,,,,
aaccbranithsresearchnotesturnin,Levistras,,Verified,Turned in Branith's research notes,,,,
aaccbranithsshirtpickup,Levistras,,Verified,Picked up Branith's shirt,,,,
aaccbranithsshirtturnin,Levistras,,Verified,Turned in Branith's shirt,,,,
aaccbranithsshoespickup,Levistras,,Verified,Picked up Branith's shoes,,,,
aaccbranithsshoesturnin,Levistras,,Verified,Turned in Branith's shoes,,,,
aaccbranithsstaffpickup,Levistras,,Verified,Picked up Branith's staff,,,,
aaccbranithsstaffturnin,Levistras,,Verified,Turned in Branith's staff,,,,
aaccbrokenarmorpickup,Levistras,,Verified,Picked up a set of broken armor,,,,
aaccbrokenarmorturnin,Levistras,,Verified,Turned in a set of broken armor,,,,
aacccircletofthesummonerquest,Levistras,,Verified,Picked Up the Circlet of the Summoner,,,,
aacccoliercrossbowquest,Levistras,,Verified,Picked up a Colier Crossbow,,,,
aacccursedironstaffquest,Levistras,,Verified,Picked up the Cursed Iron Staff,,,,
aaccdaggeroftikolaquest,Levistras,,Verified,Picked Up the Dagger of Tikola,,,,
aaccdanshakisbelongingspickup,Levistras,,Verified,Picked up Dansha-Ki's belongings,,,,
aaccdanshakisbelongingsturnin,Levistras,,Verified,Turned in Dansha-Ki's belongings,,,,
aaccdrywitheredleatherboundjournalpickup,Levistras,,Verified,Picked up Martine's dry withered leather bound journal from the Mosswart Maze,,,,
aaccdulldaggerquest,Levistras,,Verified,Picked Up the Dull Dagger,,,,
aaccfierybatonquest,Levistras,,Verified,Picked Up the Fiery Baton,,,,
aaccfieryrobequest,Levistras,,Verified,Picked Up the Fiery Robe,,,,
aaccfieryshieldquest,Levistras,,Verified,Picked Up the Fiery Shield,,,,
aaccfrestemeraldpickup,Levistras,,Verified,Picked up Frest Greelving's emerald,,,,
aaccfrestplatterpickup,Levistras,,Verified,Picked up Frest Greelving's antique platter,,,,
aaccfrestshirtpickup,Levistras,,Verified,Picked up Frest Greelving's puffy shirt,,,,
aaccgiantcluboffirepickup,Levistras,,Verified,Picked up a Giant Club of Fire from a Banderling Pillager,,,,
aaccgiantcluboffireturnin,Levistras,,Verified,Turned in a Giant Club of Fire to Omaro Nagate,,,,
aaccglendenwooddungeontreasure,Levistras,,Verified,Picked up the treasure chest key for the Glenden Wood Dungeon,,,,
aaccgreenmirebootsquest,Levistras,,Verified,Picked Up Broken Green Mire Boots,,,,
aaccgreenmiregauntletsquest,Levistras,,Verified,Picked Up Broken Green Mire Gauntlets,,,,
aaccgreenmirekabutonquest,Levistras,,Verified,Picked Up Broken Green Mire Kabuton,,,,
aaccgreenmireleggingsquest,Levistras,,Verified,Picked Up Broken Green Mire Leggings,,,,
aaccgreenmiremagariyariquest,Levistras,,Verified,Picked Up Broken Green Mire Magari Yari,,,,
aaccgreenmireshieldquest,Levistras,,Verified,Picked Up Broken Green Mire Shield,,,,
aaccgreenmiresleevesquest,Levistras,,Verified,Picked Up Broken Green Mire Sleeves,,,,
aacchammeroflightningpickup,Levistras,,Verified,Picked up a Hammer of Lightning from the Bellig Tower Revenant,,,,
aacchammeroflightningturnin,Levistras,,Verified,Turned in a Hammer of Lightning to Omaro Nagate,,,,
aaccicenaginatapickup,Levistras,,Verified,Picked up an Ice Naginata from a Mosswart Mucker,,,,
aaccicenodachipickup,Levistras,,Verified,Picked up an Ice Nodachi from a Mosswart Mucker,,,,
aaccicetachipickup,Levistras,,Verified,Picked up an Ice Tachi from a Mosswart Mucker,,,,
aacciceyaripickup,Levistras,,Verified,Picked up an Ice Yari from a Mosswart Mucker,,,,
aaccjooffirepickup,Levistras,,Verified,Picked up a Jo of Fire from a Banderling Pillager,,,,
aaccjooffireturnin,Levistras,,Verified,Turned in a Jo of Fire to Omaro Nagate,,,,
aacclilithasbootspickup,Levistras,,Verified,Picked up Lilitha's Boots,,,,
aacclilithasbootsturnin,Levistras,,Verified,Turned in Lilitha's Boots,,,,
aacclilithasbowpickup,Levistras,,Verified,Picked up Lilitha's Bow,,,,
aacclilithasbowturnin,Levistras,,Verified,Turned in Lilitha's Bow,,,,
aacclilithascoatpickup,Levistras,,Verified,Picked up Lilitha's Coat,,,,
aacclilithascoatturnin,Levistras,,Verified,Turned in Lilitha's Coat,,,,
aacclilithasgauntletspickup,Levistras,,Verified,Picked up Lilitha's Gauntlets,,,,
aacclilithasgauntletsturnin,Levistras,,Verified,Turned in Lilitha's Gauntlets,,,,
aacclilithashelmpickup,Levistras,,Verified,Picked up Lilitha's Helm,,,,
aacclilithashelmturnin,Levistras,,Verified,Turned in Lilitha's Helm,,,,
aacclilithaspantspickup,Levistras,,Verified,Picked up Lilitha's Pants,,,,
aacclilithaspantsturnin,Levistras,,Verified,Turned in Lilitha's Pants,,,,
aacclilithasspearpickup,Levistras,,Verified,Picked up Lilitha's Spear,,,,
aacclilithasspearturnin,Levistras,,Verified,Turned in Lilitha's Spear,,,,
aacclilithastrinketpickup,Levistras,,Verified,Picked up Lilitha's Trinket,,,,
aacclilithastrinketturnin,Levistras,,Verified,Turned in Lilitha's Trinket,,,,
aaccmitequeensstaffpickup,Levistras,,Verified,Picked up the Mite Queen's staff,,,,
aaccmitequeensstaffturnin,Levistras,,Verified,Turned in the Mite Queen's staff,,,,
aaccmorningstaroflightningpickup,Levistras,,Verified,Picked up a Morning Star of Lightning from the Bellig Tower Revenant,,,,
aaccmorningstaroflightningturnin,Levistras,,Verified,Turned in a Morning Star of Lightning to Omaro Nagate,,,,
aaccnabutoffirepickup,Levistras,,Verified,Picked up a Nabut of Fire from a Banderling Pillager,,,,
aaccnabutoffireturnin,Levistras,,Verified,Turned in a Nabut of Fire to Omaro Nagate,,,,
aaccnaginataoffirepickup,Levistras,,Verified,Picked up a Naginata of Fire from a Banderling Plunderer,,,,
aaccnaginataoffireturnin,Levistras,,Verified,Turned in a Naginata of Fire to Omaro Nagate,,,,
aaccnuvillusbootsturnin,Levistras,,Verified,Turned in the Boots of Nuvillus to MacGyre,,,,
aaccnuvillusbowturnin,Levistras,,Verified,Turned in the Gelid Bow to MacGyre,,,,
aaccnuvillusbracersturnin,Levistras,,Verified,Turned in the Bracers of Nuvillus to MacGyre,,,,
aaccnuvilluscrownturnin,Levistras,,Verified,Turned in the Crown of Bone to MacGyre,,,,
aaccnuvillusgauntletsturnin,Levistras,,Verified,Turned in the Gauntlets of Nuvillus to MacGyre,,,,
aaccnuvillusleggingsturnin,Levistras,,Verified,Turned in the Leggings of Nuvillus to MacGyre,,,,
aaccnuvillussceptreturnin,Levistras,,Verified,Turned in the Gelid Sceptre to MacGyre,,,,
aaccnuvillusshieldturnin,Levistras,,Verified,Turned in the Gelid Shield to MacGyre,,,,
aaccnuvillusshirtturnin,Levistras,,Verified,Turned in the Shirt of Nuvillus to MacGyre,,,,
aaccnuvillussword2hturnin,Levistras,,Verified,Turned in the Great Blade of Ice to MacGyre,,,,
aaccnuvillusswordfwturnin,Levistras,,Verified,Turned in the Swift Blade of Ice to MacGyre,,,,
aaccnuvillusswordhwturnin,Levistras,,Verified,Turned in the Heavy Blade of Ice to MacGyre,,,,
aaccnuvillusswordlwturnin,Levistras,,Verified,Turned in the Light Blade of Ice to MacGyre,,,,
aaccpikeoffirepickup,Levistras,,Verified,Picked up a Pike of Fire from a Banderling Plunderer,,,,
aaccpikeoffireturnin,Levistras,,Verified,Turned in a Pike of Fire to Omaro Nagate,,,,
aaccquadrelleoflightningpickup,Levistras,,Verified,Picked up a Quadrelle of Lightning from the Bellig Tower Revenant,,,,
aaccquadrelleoflightningturnin,Levistras,,Verified,Turned in a Quadrelle of Lightning to Omaro Nagate,,,,
aaccquarterstaffoffirepickup,Levistras,,Verified,Picked up a Quarter Staff of Fire from a Banderling Pillager,,,,
aaccquarterstaffoffireturnin,Levistras,,Verified,Turned in a Quarter Staff of Fire to Omaro Nagate,,,,
aaccrobeoftikolaquest,Levistras,,Verified,Picked Up the Robe of Tikola,,,,
aaccsclavussummoningstonequest,Levistras,,Verified,Picked Up the Sclavus Summoning Stone,,,,
aaccsnakeskinglovesquest,Levistras,,Verified,Picked Up the Snake Skin Gloves,,,,
aaccspearoffirepickup,Levistras,,Verified,Picked up a Spear of Fire from a Banderling Plunderer,,,,
aaccspearoffireturnin,Levistras,,Verified,Turned in a Spear of Fire to Omaro Nagate,,,,
aaccstaffofnullificationpickup,Levistras,,Verified,Picked up the Staff of Nullification,,,,
aaccstaffofnullificationturnin,Levistras,,Verified,Turned in the Staff of Nullification,,,,
aaccsuperiorgauntletsquest,Levistras,,Verified,Picked Up the Superior Gauntlets,,,,
aaccsuperiorhelmquest,Levistras,,Verified,Picked Up the Superior Helm,,,,
aaccsuperiorscimitarquest,Levistras,,Verified,Picked Up the Superior Scimitar,,,,
aacctatteredursuinrugpickup,Levistras,,Verified,Picked up a tattered Ursuin rug,,,,
aacctatteredursuinrugturnin,Levistras,,Verified,Turned in a tattered Ursuin rug,,,,
aaccthieftrailkeymfkpickupquest,Levistras,,Verified,Picked Up Mana Forged Key,,,,
aaccthieftrailkeymfkturninquest,Levistras,,Verified,Turned in Mana Forged Key,,,,
aacctibrisamulicoatpickup,Levistras,,Verified,Picked up Tibri's Amuli Coat,,,,
aacctibrisamulicoatturnin,Levistras,,Verified,Turned in Tibri's Amuli Coat,,,,
aacctibrisamulileggingspickup,Levistras,,Verified,Picked up Tibri's Amuli Leggings,,,,
aacctibrisamulileggingsturnin,Levistras,,Verified,Turned in Tibri's Amuli Leggings,,,,
aacctibrisfirespearturnin,Levistras,,Verified,Turned in Tibri's Fire Spear,,,,
aacctibrisprotectivepantspickup,Levistras,,Verified,Picked up Tibri's Protective Pants,,,,
aacctibrisprotectivepantsturnin,Levistras,,Verified,Turned in Tibri's Protective Pants,,,,
aacctibrisprotectiveshirtpickup,Levistras,,Verified,Picked up Tibri's Protective Shirt,,,,
aacctibrisprotectiveshirtturnin,Levistras,,Verified,Turned in Tibri's Protective Shirt,,,,
aacctridentoffirepickup,Levistras,,Verified,Picked up a Trident of Fire from a Banderling Plunderer,,,,
aacctridentoffireturnin,Levistras,,Verified,Turned in a Trident of Fire to Omaro Nagate,,,,
aacctrothyrsbootspickup,Levistras,,Verified,Picked up Trothyr's Boots,,,,
aacctrothyrsbootsturnin,Levistras,,Verified,Turned in Trothyr's Boots to the Spirit of Trothyr,,,,
aacctrothyrscuirasspickup,Levistras,,Verified,Picked up Trothyr's Cuirass,,,,
aacctrothyrscuirassturnin,Levistras,,Verified,Turned in Trothyr's Cuirass to the Spirit of Trothyr,,,,
aacctrothyrsgauntletspickup,Levistras,,Verified,Picked up Trothyr's Gauntlets,,,,
aacctrothyrsgauntletsturnin,Levistras,,Verified,Turned in Trothyr's Gauntlets to the Spirit of Trothyr,,,,
aacctrothyrshammerpickup,Levistras,,Verified,Picked up Trothyr's War Hammer,,,,
aacctrothyrshammerturnin,Levistras,,Verified,Turned in Trothyr's War Hammer to the Spirit of Trothyr,,,,
aacctrothyrshelmpickup,Levistras,,Verified,Picked up Trothyr's Helm,,,,
aacctrothyrshelmturnin,Levistras,,Verified,Turned in Trothyr's Helm to the Spirit of Trothyr,,,,
aacctrothyrsleggingspickup,Levistras,,Verified,Picked up Trothyr's Leggings,,,,
aacctrothyrsleggingsturnin,Levistras,,Verified,Turned in Trothyr's Leggings to the Spirit of Trothyr,,,,
aacctrothyrsshieldpickup,Levistras,,Verified,Picked up Trothyr's Shield,,,,
aacctrothyrsshieldturnin,Levistras,,Verified,Turned in Trothyr's Shield to the Spirit of Trothyr,,,,
aacctrothyrssleevespickup,Levistras,,Verified,Picked up Trothyr's Sleeves,,,,
aacctrothyrssleevesturnin,Levistras,,Verified,Turned in Trothyr's Sleeves to the Spirit of Trothyr,,,,
aaccwarhammeroflightningpickup,Levistras,,Verified,Picked up a War Hammer of Lightning from the Bellig Tower Revenant,,,,
aaccwarhammeroflightningturnin,Levistras,,Verified,Turned in a War Hammer of Lightning to Omaro Nagate,,,,
aaccyuvuokisbelongingspickup,Levistras,,Verified,Picked up Yu Vuo-Ki's belongings,,,,
aaccyuvuokisbelongingsturnin,Levistras,,Verified,Turned in Yu Vuo-Ki's belongings,,,,
account_fireflycd1,Levistras,,Verified,Account Completed Firefly Tourney,,,,
account_fishingcd1,Levistras,,Verified,Account Completed Fishing Tourney,,,,
account_lecuseddrudgeslotmachine,Levistras,,Verified,Used the Drudge Slot Machine,,,,
account_nov24_turkey_event,Levistras,,Verified,Tossed some Pies,,,,
account_nov25_turkey_event,Levistras,,Verified,Tossed some Pies,,,,
account_pumpkin_patch_event,Levistras,,Verified,Pumpkin Patch Event,,,,
account_xmas_2022,Levistras,,Verified,Got Xmas 2022 reward,,,,
ambersharvested,Levistras,,Verified,Player has recently harvested Amber Crystal,,,,
apostatesparkling,Levistras,,Verified,Apostate Sparkling,,,,
attributegems1_gems_of_lowering_coordination_freebies,Levistras,,Verified,Gems of Lowering: Coordination Freebie,,,,
attributegems1_gems_of_lowering_endurance_freebies,Levistras,,Verified,Gems of Lowering: Endurance Freebie,,,,
attributegems1_gems_of_lowering_focus_freebies,Levistras,,Verified,Gems of Lowering: Focus Freebie,,,,
attributegems1_gems_of_lowering_quickness_freebies,Levistras,,Verified,Gems of Lowering: Quickness Freebie,,,,
attributegems1_gems_of_lowering_self_freebies,Levistras,,Verified,Gems of Lowering: Self Freebie,,,,
attributegems1_gems_of_lowering_strength_freebies,Levistras,,Verified,Gems of Lowering: Strength Freebie,,,,
bossingotseal,Levistras,,Verified,Boss Ingot Seal,,,,
catacombstempaccess,Levistras,,Verified,Player has temporary access to the Catacombs,,,,
completed_egk_reading,Levistras,,Verified,Completed aetheric resonance collection,,,,
cursed_bracelet,Levistras,,Verified,Looted cursed bracetlet,,,,
etsaloteaterjaw,Levistras,,Verified,Etsalot Jaw,,,,
etsaloteyelid,Levistras,,Verified,Etsalot eye lid,,,,
exarchfight,Levistras,,Verified,Exarch Fight,,,,
facesmukkircontractcomplete,Levistras,,Verified,Contract Completed for Faces of Mukkir quest,,,,
falatacottempleshortcut,Levistras,,Verified,Falatacot Temple Shortcut,,,,
firefly1_completed,Levistras,,Verified,Completed Fishing Tourney Second Place,,,,
firstcontact_firstcompletion,Levistras,,Verified,First completion of the First Contact quest,,,,
forgetfulnessgems_alchemy_gems_of_forgetfulness1,Levistras,,Verified,Gems of Forgetfulness: Alchemy 1,,,,
forgetfulnessgems_cooking_gems_of_forgetfulness1,Levistras,,Verified,Gems of Forgetfulness: Cooking 1,,,,
forgetfulnessgems_deception_gems_of_forgetfulness1,Levistras,,Verified,Gems of Forgetfulness: Deception 1,,,,
forgetfulnessgems_deception_gems_of_forgetfulness2,Levistras,,Verified,Gems of Forgetfulness: Deception 2,,,,
forgetfulnessgems_dirty_fighting_gems_of_forgetfulness1,Levistras,,Verified,Gems of Forgetfulness: Dirty Fighting 1,,,,
forgetfulnessgems_dirty_fighting_gems_of_forgetfulness2,Levistras,,Verified,Gems of Forgetfulness: Dirty Fighting 2,,,,
forgetfulnessgems_dual_wield_gems_of_forgetfulness1,Levistras,,Verified,Gems of Forgetfulness: Dual Wield 1,,,,
forgetfulnessgems_dual_wield_gems_of_forgetfulness2,Levistras,,Verified,Gems of Forgetfulness: Dual Wield 2,,,,
forgetfulnessgems_finesse_weapons_gems_of_forgetfulness1,Levistras,,Verified,Gems of Forgetfulness: Finesse Weapons 1,,,,
forgetfulnessgems_healing_gems_of_forgetfulness1,Levistras,,Verified,Gems of Forgetfulness: Healing 1,,,,
forgetfulnessgems_leadership_gems_of_forgetfulness1,Levistras,,Verified,Gems of Forgetfulness: Leadership 1,,,,
forgetfulnessgems_light_weapons_gems_of_forgetfulness1,Levistras,,Verified,Gems of Forgetfulness: Light Weapons 1,,,,
forgetfulnessgems_lockpick_gems_of_forgetfulness1,Levistras,,Verified,Gems of Forgetfulness: Lockpick 1,,,,
forgetfulnessgems_lockpick_gems_of_forgetfulness2,Levistras,,Verified,Gems of Forgetfulness: Lockpick 2,,,,
forgetfulnessgems_magic_defense_gems_of_forgetfulness1,Levistras,,Verified,Gems of Forgetfulness: Magic Defense 1,,,,
forgetfulnessgems_melee_defense_gems_of_forgetfulness1,Levistras,,Verified,Gems of Forgetfulness: Melee Defense 1,,,,
forgetfulnessgems_missile_defense_gems_of_forgetfulness1,Levistras,,Verified,Gems of Forgetfulness: Missile Defense 1,,,,
forgetfulnessgems_missile_weapons_gems_of_forgetfulness1,Levistras,,Verified,Gems of Forgetfulness: Missile Weapons 1,,,,
forgetfulnessgems_missile_weapons_gems_of_forgetfulness2,Levistras,,Verified,Gems of Forgetfulness: Missile Weapons 2,,,,
forgetfulnessgems_recklessness_gems_of_forgetfulness1,Levistras,,Verified,Gems of Forgetfulness: Recklessness 1,,,,
forgetfulnessgems_shield_gems_of_forgetfulness1,Levistras,,Verified,Gems of Forgetfulness: Shield 1,,,,
forgetfulnessgems_sneak_attack_gems_of_forgetfulness1,Levistras,,Verified,Gems of Forgetfulness: Sneak Attack 1,,,,
forgetfulnessgems_sneak_attack_gems_of_forgetfulness2,Levistras,,Verified,Gems of Forgetfulness: Sneak Attack 2,,,,
forgetfulnessgems_summoning_gems_of_forgetfulness1,Levistras,,Verified,Gems of Forgetfulness: Summoning 1,,,,
forgetfulnessgems_two_handed_gems_of_forgetfulness1,Levistras,,Verified,Gems of Forgetfulness: Two Handed 1,,,,
forgetfulness_alchemy_gems_of_forgetfulness6days,Levistras,,Verified,Gems of Forgetfulness: Alchemy Cooldown,,,,
forgetfulness_cooking_gems_of_forgetfulness6days,Levistras,,Verified,Gems of Forgetfulness: Cooking Cooldown,,,,
forgetfulness_deception_gems_of_forgetfulness13days,Levistras,,Verified,Gems of Forgetfulness: Deception Cooldown,,,,
forgetfulness_deception_gems_of_forgetfulness6days,Levistras,,Verified,Gems of Forgetfulness: Deception Cooldown,,,,
forgetfulness_dirty_fighting_gems_of_forgetfulness13days,Levistras,,Verified,Gems of Forgetfulness: Dirty Fighting Cooldown,,,,
forgetfulness_dirty_fighting_gems_of_forgetfulness6days,Levistras,,Verified,Gems of Forgetfulness: Dirty Fighting Cooldown,,,,
forgetfulness_dual_wield_gems_of_forgetfulness13days,Levistras,,Verified,Gems of Forgetfulness: Dual Wield Cooldown,,,,
forgetfulness_dual_wield_gems_of_forgetfulness6days,Levistras,,Verified,Gems of Forgetfulness: Dual Wield Cooldown,,,,
forgetfulness_finesse_weapons_gems_of_forgetfulness6days,Levistras,,Verified,Gems of Forgetfulness: Finesse Weapons Cooldown,,,,
forgetfulness_healing_gems_of_forgetfulness6days,Levistras,,Verified,Gems of Forgetfulness: Healing Cooldown,,,,
forgetfulness_leadership_gems_of_forgetfulness6days,Levistras,,Verified,Gems of Forgetfulness: Leadership Cooldown,,,,
forgetfulness_light_weapons_gems_of_forgetfulness6days,Levistras,,Verified,Gems of Forgetfulness: Light Weapons Cooldown,,,,
forgetfulness_lockpick_gems_of_forgetfulness13days,Levistras,,Verified,Gems of Forgetfulness: Lockpick Cooldown,,,,
forgetfulness_lockpick_gems_of_forgetfulness6days,Levistras,,Verified,Gems of Forgetfulness: Lockpick Cooldown,,,,
forgetfulness_magic_defense_gems_of_forgetfulness6days,Levistras,,Verified,Gems of Forgetfulness: Magic Defense Cooldown,,,,
forgetfulness_melee_defense_gems_of_forgetfulness6days,Levistras,,Verified,Gems of Forgetfulness: Melee Defense Cooldown,,,,
forgetfulness_missile_defense_gems_of_forgetfulness6days,Levistras,,Verified,Gems of Forgetfulness: Missile Defense Cooldown,,,,
forgetfulness_missile_weapons_gems_of_forgetfulness13days,Levistras,,Verified,Gems of Forgetfulness: Missile Weapons Cooldown,,,,
forgetfulness_missile_weapons_gems_of_forgetfulness6days,Levistras,,Verified,Gems of Forgetfulness: Missile Weapons Cooldown,,,,
forgetfulness_recklessness_gems_of_forgetfulness6days,Levistras,,Verified,Gems of Forgetfulness: Recklessness Cooldown,,,,
forgetfulness_shield_gems_of_forgetfulness6days,Levistras,,Verified,Gems of Forgetfulness: Shield Cooldown,,,,
forgetfulness_sneak_attack_gems_of_forgetfulness13days,Levistras,,Verified,Gems of Forgetfulness: Sneak Attack Cooldown,,,,
forgetfulness_sneak_attack_gems_of_forgetfulness6days,Levistras,,Verified,Gems of Forgetfulness: Sneak Attack Cooldown,,,,
forgetfulness_summoning_gems_of_forgetfulness6days,Levistras,,Verified,Gems of Forgetfulness: Summoning Cooldown,,,,
forgetfulness_two_handed_gems_of_forgetfulness6days,Levistras,,Verified,Gems of Forgetfulness: Two Handed Cooldown,,,,
forget_alchemy_gems_of_forgetfulness_freebie,Levistras,,Verified,Gems of Forgetfulness: Alchemy Freebie,,,,
forget_arcane_lore_gems_of_forgetfulness_freebie,Levistras,,Verified,Gems of Forgetfulness: Arcane Lore Freebie,,,,
forget_armor_tinkering_gems_of_forgetfulness_freebie,Levistras,,Verified,Gems of Forgetfulness: Armor Tinkering Freebie,,,,
forget_assess_creature_gems_of_forgetfulness_freebie,Levistras,,Verified,Gems of Forgetfulness: Assess Creature Freebie,,,,
forget_assess_person_gems_of_forgetfulness_freebie,Levistras,,Verified,Gems of Forgetfulness: Assess Person Freebie,,,,
forget_cooking_gems_of_forgetfulness_freebie,Levistras,,Verified,Gems of Forgetfulness: Cooking Freebie,,,,
forget_creature_enchantment_gems_of_forgetfulness_freebie,Levistras,,Verified,Gems of Forgetfulness: Creature Enchantment Freebie,,,,
forget_deception_gems_of_forgetfulness_freebie,Levistras,,Verified,Gems of Forgetfulness: Deception Freebie,,,,
forget_dirty_fighting_gems_of_forgetfulness_freebie,Levistras,,Verified,Gems of Forgetfulness: Dirty Fighting Freebie,,,,
forget_dual_wield_gems_of_forgetfulness_freebie,Levistras,,Verified,Gems of Forgetfulness: Dual Wield Freebie,,,,
forget_finesse_weapons_gems_of_forgetfulness_freebie,Levistras,,Verified,Gems of Forgetfulness: Finesse Weapons Freebie,,,,
forget_fletching_gems_of_forgetfulness_freebie,Levistras,,Verified,Gems of Forgetfulness: Fletching Freebie,,,,
forget_healing_gems_of_forgetfulness_freebie,Levistras,,Verified,Gems of Forgetfulness: Healing Freebie,,,,
forget_heavy_weapons_gems_of_forgetfulness_freebie,Levistras,,Verified,Gems of Forgetfulness: Heavy Weapons Freebie,,,,
forget_item_enchantment_gems_of_forgetfulness_freebie,Levistras,,Verified,Gems of Forgetfulness: Item Enchantment Freebie,,,,
forget_item_tinkering_gems_of_forgetfulness_freebie,Levistras,,Verified,Gems of Forgetfulness: Item Tinkering Freebie,,,,
forget_jump_gems_of_forgetfulness_freebie,Levistras,,Verified,Gems of Forgetfulness: Jump Freebie,,,,
forget_leadership_gems_of_forgetfulness_freebie,Levistras,,Verified,Gems of Forgetfulness: Leadership Freebie,,,,
forget_life_magic_gems_of_forgetfulness_freebie,Levistras,,Verified,Gems of Forgetfulness: Life Magic Freebie,,,,
forget_light_weapons_gems_of_forgetfulness_freebie,Levistras,,Verified,Gems of Forgetfulness: Light Weapons Freebie,,,,
forget_lockpick_gems_of_forgetfulness_freebie,Levistras,,Verified,Gems of Forgetfulness: Lockpick Freebie,,,,
forget_loyalty_gems_of_forgetfulness_freebie,Levistras,,Verified,Gems of Forgetfulness: Loyalty Freebie,,,,
forget_magic_defense_gems_of_forgetfulness_freebie,Levistras,,Verified,Gems of Forgetfulness: Magic Defense Freebie,,,,
forget_magic_item_tinkering_gems_of_forgetfulness_freebie,Levistras,,Verified,Gems of Forgetfulness: Magic Item Tinkering Freebie,,,,
forget_mana_conversion_gems_of_forgetfulness_freebie,Levistras,,Verified,Gems of Forgetfulness: Mana Conversion Freebie,,,,
forget_melee_defense_gems_of_forgetfulness_freebie,Levistras,,Verified,Gems of Forgetfulness: Melee Defense Freebie,,,,
forget_missile_defense_gems_of_forgetfulness_freebie,Levistras,,Verified,Gems of Forgetfulness: Missile Defense Freebie,,,,
forget_missile_weapons_gems_of_forgetfulness_freebie,Levistras,,Verified,Gems of Forgetfulness: Missile Weapons Freebie,,,,
forget_recklessness_gems_of_forgetfulness_freebie,Levistras,,Verified,Gems of Forgetfulness: Recklessness Freebie,,,,
forget_run_gems_of_forgetfulness_freebie,Levistras,,Verified,Gems of Forgetfulness: Run Freebie,,,,
forget_salvaging_gems_of_forgetfulness_freebie,Levistras,,Verified,Gems of Forgetfulness: Salvaging Freebie,,,,
forget_shield_gems_of_forgetfulness_freebie,Levistras,,Verified,Gems of Forgetfulness: Shield Freebie,,,,
forget_sneak_attack_gems_of_forgetfulness_freebie,Levistras,,Verified,Gems of Forgetfulness: Sneak Attack Freebie,,,,
forget_summoning_gems_of_forgetfulness_freebie,Levistras,,Verified,Gems of Forgetfulness: Summoning Freebie,,,,
forget_two_handed_gems_of_forgetfulness_freebie,Levistras,,Verified,Gems of Forgetfulness: Two Handed Freebie,,,,
forget_void_magic_gems_of_forgetfulness_freebie,Levistras,,Verified,Gems of Forgetfulness: Void Magic Freebie,,,,
forget_war_magic_gems_of_forgetfulness_freebie,Levistras,,Verified,Gems of Forgetfulness: War Magic Freebie,,,,
forget_weapon_tinkering_gems_of_forgetfulness_freebie,Levistras,,Verified,Gems of Forgetfulness: Weapon Tinkering Freebie,,,,
fortifiedpyrealingot,Levistras,,Verified,Fortified Pyreal Ingot,,,,
found_treasure,Levistras,,Verified,Completed Found_Treasure,,,,
frozenpresentpickuptimer,Levistras,,Verified,Picked up Frozen Present,,,,
gave_nether_stone_gkenpc,Levistras,,Verified,Turned in Shadownether stone to knox,,,,
gave_shivering_stone_gkenpc,Levistras,,Verified,Turned in shivering stone to knox,,,,
gave_smoldering_stone_gkenpc,Levistras,,Verified,Turned in smoldering stone to knox,,,,
gave_sparking_stone_gkenpc,Levistras,,Verified,Turned in sparking stone to knox,,,,
gave_stinging_stone_gkenpc,Levistras,,Verified,Turned in stinging stone to knox,,,,
golemmagmaexarch_kt,Levistras,,Verified,Magma Golem Exarch Kill Task,,,,
golemmagmaexarch_kt_wait,Levistras,,Verified,Magma Golem Exarch Kill Task Cooldown,,,,
greathallshortcut,Levistras,,Verified,Great Hall Shortcut,,,,
gregorscarefullyrolledscrollpickedup,Levistras,,Verified,Pickup timer for carefully rolled scroll,,,,
hearthseekerrecruitmentletter,Levistras,,Verified,Platinum Letter turned in,,,,
hotcoalpickuptimer,Levistras,,Verified,Picked up Hot Coal,,,,
impintedingotturnin,Levistras,,Verified,Imprinted Ingot Turn-In,,,,
lecobtainedaurochbackpack,Levistras,,Verified,Obtained the Explorer's Auroch Backpack,,,,
lecobtainedaurochtier1reward,Levistras,,Verified,Obtained the Auroch League tier 1 reward,,,,
lecobtainedaurochtier2reward,Levistras,,Verified,Obtained the Auroch League tier 2 reward,,,,
lecobtainedaurochtier3reward,Levistras,,Verified,Obtained the Auroch League tier 3 reward,,,,
lecobtainedaurochtier4reward,Levistras,,Verified,Obtained the Auroch League tier 4 reward,,,,
lecobtainedaurochtier5reward,Levistras,,Verified,Obtained the Auroch League tier 5 reward,,,,
lecobtainedcowboytitle,Levistras,,Verified,Obtained the Cowboy title,,,,
lecobtainedexplorerstowel,Levistras,,Verified,Obtained the Explorer's Towel,,,,
lecobtainedsaltandash,Levistras,,Verified,Obtained a free Black Page of Salt and Ash,,,,
lecusedpackdrudgeballoon,Levistras,,Verified,Used the Pack Drudge Balloon,,,,
legendaryquestsc,Levistras,,Verified,BitField Stamp for Legendary Quests Completed,,,,
lordbalthallfree,Levistras,,Verified,Spoke With Lord Balthall,,,,
ltfight,Levistras,,Verified,LT Fight,,,,
monsterplantseedturnin,Levistras,,Verified,Turned in the Monster Plant Seed Recently,,,,
monsterplantseedwait,Levistras,,Verified,Picked up the Monster Plant Seed Recently,,,,
nightclubticket,Levistras,,Verified,Night Club Ticket Picked up,,,,
notgreedy,Levistras,,Verified,Used the chest 5 times,,,,
nov24_pie_pickup,Levistras,,Verified,Completed Pie Pickup,,,,
nov24_still_have_pie,Levistras,,Verified,Completed Pie Pickup,,,,
nov25_pie_pickup,Levistras,,Verified,Completed Pie Pickup,,,,
nov25_still_have_pie,Levistras,,Verified,Completed Pie Pickup,,,,
obtainedcrestofthefalatacotlords,Levistras,,Verified,Picked up the Crest of the Falatacot Lords,,,,
obtainedcrownofmeqot,Levistras,,Verified,Picked up the Crown of Meqot,,,,
obtainedshardofthegreatwork,Levistras,,Verified,Picked up the Shard of The Greak Work,,,,
opened_a_map,Levistras,,Verified,Completed Opened_A_Map,,,,
pickedupcoloredegg,Levistras,,Verified,Picked up a Colored Egg,,,,
pickeduprottenegg,Levistras,,Verified,Picked up a Rotten Egg,,,,
pickedupumbralcruciblebase,Levistras,,Verified,Umbral Crucible Base Pickup,,,,
pickedupumbralcrucibletop,Levistras,,Verified,Umbral Crucible Top Pickup,,,,
pookytokenpickuptimer,Levistras,,Verified,Picked up Pooky Token,,,,
randomsalvagehighreward,Levistras,,Verified,Random high salvage quest,,,,
randomsalvagelowrewardtest,Levistras,,Verified,Random low salvage quest,,,,
randomsalvagemidreward,Levistras,,Verified,Random mid salvage quest,,,,
rawaug,Levistras,,Verified,Raw Aug Gem,,,,
recivedrewardstatue1-2,Levistras,,Verified,Used 1-2 statue,,,,
recivedrewardstatue2-3,Levistras,,Verified,Used 2-3 statue,,,,
recivedrewardstatue3-4,Levistras,,Verified,Used 3-4 statue,,,,
recivedrewardstatue4-5,Levistras,,Verified,Used 4-5 statue,,,,
recivedrewardstatue5-6,Levistras,,Verified,Used 5-6 statue,,,,
recivedrewardstatue6-7,Levistras,,Verified,Used 6-7 statue,,,,
redletterinprogress,Levistras,,Verified,Turn in Timer/Counter for Scarlet Red Letters,,,,
rqornatepyrealkey,Levistras,,Verified,RQ Ornate Pyreal Key,,,,
scav_hunt_feb_2007469blackfireatlanstone,Levistras,,Verified,Scavenger Hunt (Feb): Black Fire Atlan Stone,,,,
scav_hunt_feb_201029295blankaugmentationgem,Levistras,,Verified,Scavenger Hunt (Feb): Blank Augmentation Gem,,,,
scav_hunt_feb_201134583bonedagger,Levistras,,Verified,Scavenger Hunt (Feb): Bone Dagger,,,,
scav_hunt_feb_201328928burunsoakedsoulstone,Levistras,,Verified,Scavenger Hunt (Feb): Burun Soaked Soul Stone,,,,
scav_hunt_feb_20227807ancientdiamondidol,Levistras,,Verified,Scavenger Hunt (Feb): Ancient Diamond Idol,,,,
scav_hunt_feb_2038909bloodofthehopeslayer,Levistras,,Verified,Scavenger Hunt (Feb): Blood Of The Hopeslayer,,,,
scav_hunt_feb_204260cabbage,Levistras,,Verified,Scavenger Hunt (Feb): Cabbage,,,,
scav_hunt_feb_20541513pathwardentrinket,Levistras,,Verified,Scavenger Hunt (Feb): Pathwarden Trinket,,,,
scav_hunt_feb_20632274moarsmuck,Levistras,,Verified,Scavenger Hunt (Feb): Moarsmuck,,,,
scav_hunt_feb_2075768poofysnowball,Levistras,,Verified,Scavenger Hunt (Feb): Poofy Snowball,,,,
scav_hunt_feb_20822620carvedtuskerstatue,Levistras,,Verified,Scavenger Hunt (Feb): Carved Tusker Statue,,,,
scav_hunt_feb_20935876coruscatingolthoiscentgland,Levistras,,Verified,Scavenger Hunt (Feb): Coruscating Olthoi Scent Gland,,,,
scav_hunt_jul_10759muddytowel,Levistras,,Verified,Scavenger Hunt (Jul): Muddy Towel,,,,
scav_hunt_jul_11710writofrefuge,Levistras,,Verified,Scavenger Hunt (Jul): Writ Of Refuge,,,,
scav_hunt_jul_22578bunchofnanners,Levistras,,Verified,Scavenger Hunt (Jul): Bunch Of Nanners,,,,
scav_hunt_jul_262chicken,Levistras,,Verified,Scavenger Hunt (Jul): Chicken,,,,
scav_hunt_jul_273apyreal,Levistras,,Verified,Scavenger Hunt (Jul): A Pyreal,,,,
scav_hunt_jul_32036goldniffistentacle,Levistras,,Verified,Scavenger Hunt (Jul): Gold Niffis Tentacle,,,,
scav_hunt_jul_32484ahugelumpofcoal,Levistras,,Verified,Scavenger Hunt (Jul): A Huge Lump Of Coal,,,,
scav_hunt_jul_42710alignedmanastone,Levistras,,Verified,Scavenger Hunt (Jul): Aligned Mana Stone,,,,
scav_hunt_jul_44240a'nekshaytoken,Levistras,,Verified,Scavenger Hunt (Jul): A'nekshay Token,,,,
scav_hunt_jul_516peerlesslockpick,Levistras,,Verified,Scavenger Hunt (Jul): Peerless Lockpick,,,,
scav_hunt_jul_5758carrot,Levistras,,Verified,Scavenger Hunt (Jul): Carrot,,,,
scav_hunt_jul_6126majorstingingstone,Levistras,,Verified,Scavenger Hunt (Jul): Major Stinging Stone,,,,
scav_hunt_jul_70051bloodmouthmaw,Levistras,,Verified,Scavenger Hunt (Jul): Bloodmouth Maw,,,,
scav_hunt_jul_800050scavengerhuntbook,Levistras,,Verified,Scavenger Hunt (Jul): Scavenger Hunt Book,,,,
scav_hunt_oct120259bread,Levistras,,Verified,Scavenger Hunt (Oct): Bread,,,,
scav_hunt_oct12107429aerlinthemonarchshirt,Levistras,,Verified,Scavenger Hunt (Oct): Aerlinthe Monarch Shirt,,,,
scav_hunt_oct12118425idolgem,Levistras,,Verified,Scavenger Hunt (Oct): Idol Gem,,,,
scav_hunt_oct12122024fullmu-miyahguise,Levistras,,Verified,Scavenger Hunt (Oct): Full Mu Miyah Guise,,,,
scav_hunt_oct121246423stipend,Levistras,,Verified,Scavenger Hunt (Oct): Stipend,,,,
scav_hunt_oct121320631prismatictaper,Levistras,,Verified,Scavenger Hunt (Oct): Prismatic Taper,,,,
scav_hunt_oct12528738half-digestedvirindimask,Levistras,,Verified,Scavenger Hunt (Oct): Half Digested Virindi Mask,,,,
scav_hunt_oct126265meat,Levistras,,Verified,Scavenger Hunt (Oct): Meat,,,,
scav_hunt_oct12832511shieldofyanshi,Levistras,,Verified,Scavenger Hunt (Oct): Shield Of Yanshi,,,,
scav_hunt_oct1299511goldengromnie,Levistras,,Verified,Scavenger Hunt (Oct): Golden Gromnie,,,,
scav_hunt_oct_209295intricatecarvingtool,Levistras,,Verified,Scavenger Hunt (Oct): Intricate Carving Tool,,,,
scav_hunt_oct_2102463milk,Levistras,,Verified,Scavenger Hunt (Oct): Milk,,,,
scav_hunt_oct_2116624shadowfragment,Levistras,,Verified,Scavenger Hunt (Oct): Shadow Fragment,,,,
scav_hunt_oct_21222614treasure,Levistras,,Verified,Scavenger Hunt (Oct): Treasure,,,,
scav_hunt_oct_225670temptingapple,Levistras,,Verified,Scavenger Hunt (Oct): Tempting Apple,,,,
scav_hunt_oct_231451specialcheese,Levistras,,Verified,Scavenger Hunt (Oct): Special Cheese,,,,
scav_hunt_oct_2406353pyrealmote,Levistras,,Verified,Scavenger Hunt (Oct): Pyreal Mote,,,,
scav_hunt_oct_241038456manaforgekey,Levistras,,Verified,Scavenger Hunt (Oct): Mana Forge Key,,,,
scav_hunt_oct_2411300050brasslootsack,Levistras,,Verified,Scavenger Hunt (Oct): Brass Loot Sack,,,,
scav_hunt_oct_24127581chorizite,Levistras,,Verified,Scavenger Hunt (Oct): Chorizite,,,,
scav_hunt_oct_2433965tippedpackcow,Levistras,,Verified,Scavenger Hunt (Oct): Tipped Pack Cow,,,,
scav_hunt_oct_2434751mortarandpestle,Levistras,,Verified,Scavenger Hunt (Oct): Mortar And Pestle,,,,
scav_hunt_oct_24430480antiquemug,Levistras,,Verified,Scavenger Hunt (Oct): Antique Mug,,,,
scav_hunt_oct_24612689diamondpowder,Levistras,,Verified,Scavenger Hunt (Oct): Diamond Powder,,,,
scav_hunt_oct_24749485encapsulatedspirit,Levistras,,Verified,Scavenger Hunt (Oct): Encapsulated Spirit,,,,
scav_hunt_oct_24811018brokenpyrealbell,Levistras,,Verified,Scavenger Hunt (Oct): Broken Pyreal Bell,,,,
scav_hunt_oct_2523328elaboratefieldrations,Levistras,,Verified,Scavenger Hunt (Oct): Elaborate Field Rations,,,,
scav_hunt_oct_265126bottleofwater,Levistras,,Verified,Scavenger Hunt (Oct): Bottle Of Water,,,,
scav_hunt_oct_2727439coffin,Levistras,,Verified,Scavenger Hunt (Oct): Coffin,,,,
scav_hunt_oct_2822117evilcouch,Levistras,,Verified,Scavenger Hunt (Oct): Evil Couch,,,,
scav_hunt_oct_2930983snowlily,Levistras,,Verified,Scavenger Hunt (Oct): Snow Lily,,,,
summonmasterychange,Levistras,,Verified,Changed Summoning Mastery,,,,
tourneydelay,Levistras,,Verified,Tourney delay,,,,
tourneyfishing1_completed,Levistras,,Verified,Completed Fishing Tourney,,,,
tourneyfishing2_completed,Levistras,,Verified,Completed Fishing Tourney,,,,
turgoscorepickup,Levistras,,Verified,Turgo Score Pickup,,,,
twinedlinen_gke,Levistras,,Verified,Gave Linen,,,,
uberbsdalchemistessence,Levistras,,Verified,Uber BSD Alchemist Essence looted,,,,
uberbsdalchemistjewel,Levistras,,Verified,Uber BSD Alchemist Jewel looted,,,,
uberbsdarbrimsnote,Levistras,,Verified,Arbrims Note has been picked up,,,,
uberbsdboss1loot1received,Levistras,,Verified,Uber BSD Boss1 Loot1 Received,,,,
uberbsdboss1loot2received,Levistras,,Verified,Uber BSD Boss1 Loot2 Received,,,,
uberbsdboss2loot1received,Levistras,,Verified,Uber BSD Boss2 Loot1 Received,,,,
uberbsdboss2loot2received,Levistras,,Verified,Uber BSD Boss2 Loot2 Received,,,,
uberbsdboss3loot1received,Levistras,,Verified,Uber BSD Boss3 Loot1 Received,,,,
uberbsdboss3loot2received,Levistras,,Verified,Uber BSD Boss3 Loot2 Received,,,,
uberbsdboss4loot1received,Levistras,,Verified,Uber BSD Boss4 Loot1 Received,,,,
uberbsdboss4loot2received,Levistras,,Verified,Uber BSD Boss4 Loot2 Received,,,,
uberbsdboss4pyrealshardreceived,Levistras,,Verified,Uber BSD Boss4 Pyreal Shard Received,,,,
uberbsdeastwingcachekey,Levistras,,Verified,Uber BSD East Wing Cache Key looted,,,,
uberbsdeastwingcachereceived,Levistras,,Verified,Uber BSD East Wing Loot Received,,,,
uberbsdflaggedtoenter,Levistras,,Verified,Flagged to enter Uber BSD,,,,
uberbsdgatekeeperessence,Levistras,,Verified,Uber BSD Gatekeeper Essence looted,,,,
uberbsdgatekeeperjewel,Levistras,,Verified,Uber BSD Gatekeeper Jewel looted,,,,
uberbsdglowingpyrealshard,Levistras,,Verified,Uber BSD Glowing Pyreal Shard looted,,,,
uberbsdobliteratorheart,Levistras,,Verified,Uber BSD Black Spawn Obliterator Heart looted,,,,
uberbsdobliteratorheartreceived,Levistras,,Verified,Uber BSD Obliterator's Heart Received,,,,
uberbsdoverseeressence,Levistras,,Verified,Uber BSD Inquisitor Essence looted,,,,
uberbsdoverseerjewel,Levistras,,Verified,Uber BSD Inquisitor Jewel looted,,,,
uberbsdquartermasteressence,Levistras,,Verified,Uber BSD Quartermaster Essence looted,,,,
uberbsdquartermasterjewel,Levistras,,Verified,Uber BSD Quartermaster Jewel looted,,,,
uberbsdquartermasterkey,Levistras,,Verified,Uber BSD Quartermaster Key looted,,,,
uberbsdtheodolitemanareading,Levistras,,Verified,Turned in the charged mana stone,,,,
uberbsdvirindiweaponreceived,Levistras,,Verified,Uber BSD Virindi Weapon Received,,,,
uberbsdwardorb,Levistras,,Verified,Arbrims Note has been picked up,,,,
uberbsdwestwingcachereceived,Levistras,,Verified,Uber BSD West Wing Loot Received,,,,
ubermetosbezoar,Levistras,,Verified,Player picked up Pit Beast Bezoar,,,,
ubermetosburning,Levistras,,Verified,Player picked up Burning Bone,,,,
ubermetoscrumbs,Levistras,,Verified,Player picked up Rockbiters Crumbs,,,,
ubermetosfingerbone,Levistras,,Verified,Player picked up Expedition Leader's Fingerbone,,,,
ubermetosloveletter,Levistras,,Verified,Player received Sir Alfric's Love Letter,,,,
ubermetosmagnetite,Levistras,,Verified,Player picked up Magnetite,,,,
ubermetossand,Levistras,,Verified,Player picked up Devil's Sand,,,,
ubermetossliver,Levistras,,Verified,Player picked up Corrupted Sliver,,,,
ubermetossouls,Levistras,,Verified,Liberated Souls of lost adventurers have come to your aid,,,,
ubermetostears,Levistras,,Verified,Player picked up Tears of Metos,,,,
ubermetostemp60,Levistras,,Verified,Uber Metos: 60-Second Timer,,,,
ubermetosveins,Levistras,,Verified,Player picked up Veins of Nergul,,,,
usedginsarc,Levistras,,Verified,Used Gins Arc,,,,
usedhirasarc,Levistras,,Verified,Used Hiras Arc,,,,
usedinfilsarc,Levistras,,Verified,Used Infils Arc,,,,
usedskimsarc,Levistras,,Verified,Used Skims Arc,,,,
used_leg_chest,Levistras,,Verified,Used the chest 5 times,,,,
used_mp_50_board,Levistras,,Verified,Used Market Place 50 quest board,,,,
used_mp_60_board,Levistras,,Verified,Used Market Place 60 quest board,,,,
used_mp_70_board,Levistras,,Verified,Used Market Place 70 quest board,,,,
used_mp_80_board,Levistras,,Verified,Used Market Place 80 quest board,,,,
used_mp_90_board,Levistras,,Verified,Used Market Place 90 quest board,,,,
viss_bug_collection1_complete,Levistras,,Verified,Completed Viss Bug Collection1 Complete,,,,
weaponrefundcanfieldcleaver,Levistras,,Verified,Weapon Refund: Canfield Cleaver,,,,
weaponrefundchitincracker,Levistras,,Verified,Weapon Refund: Chitin Cracker,,,,
weaponrefundcountrenarisequalizer,Levistras,,Verified,Weapon Refund: Count Renari's Equalizer,,,,
weaponrefunddartflicker,Levistras,,Verified,Weapon Refund: Dart Flicker,,,,
weaponrefunddriftersatlatl,Levistras,,Verified,Weapon Refund: Drifter's Atlatl,,,,
weaponrefundheartofdarkestflame,Levistras,,Verified,Weapon Refund: Heart of Darkest Flame,,,,
weaponrefunditakasnaginata,Levistras,,Verified,Weapon Refund: Itaka's Naginata,,,,
weaponrefundmorrigansvanity,Levistras,,Verified,Weapon Refund: Morrigan's Vanity,,,,
weaponrefundpillaroffearlessness,Levistras,,Verified,Weapon Refund: Pillar of Fearlessness,,,,
weaponrefundrevenantsscythe,Levistras,,Verified,Weapon Refund: Revenant's Scythe,,,,
weaponrefundridgebackdagger,Levistras,,Verified,Weapon Refund: Ridgeback Dagger,,,,
weaponrefundsmite,Levistras,,Verified,Weapon Refund: Smite,,,,
weaponrefundspearoflosttruths,Levistras,,Verified,Weapon Refund: Spear of Lost Truths,,,,
weaponrefundstaffofallaspects,Levistras,,Verified,Weapon Refund: Staff of All Aspects,,,,
weaponrefundstaffoftendrils,Levistras,,Verified,Weapon Refund: Staff of Tendrils,,,,
weaponrefundsubjugator,Levistras,,Verified,Weapon Refund: Subjugator,,,,
weeklyhighgradeturnedin100,Levistras,,Verified,100 High Grade Pyreal turned in,,,,
winthurasgardenpermflag,Levistras,,Verified,Character is flagged to enter Winthuras Gardens,,,,
wr_portal_access,Levistras,,Verified,Warrior's Rest: Portal Access,,,,
wr_portal_fragment,Levistras,,Verified,Warrior's Rest: Portal Fragment,,,,
wr_turn_in_complete,Levistras,,Verified,Warrior's Rest: Turn-In Complete,,,,
